{"cameraMode":{"drawMode":0,"name":"Shaded","section":"Shading Mode"},"sceneLighting":true,"audioPlay":false,"sceneViewState":{"m_AlwaysRefresh":false,"showFog":true,"showSkybox":true,"showFlares":true,"showImageEffects":true,"showParticleSystems":true,"showVisualEffectGraphs":true,"m_FxEnabled":true},"in2DMode":false,"pivot":{"x":241.60440063476563,"y":182.6669464111328,"z":-698.0333862304688},"rotation":{"x":0.07008673995733261,"y":-0.2588021755218506,"z":0.018832232803106309,"w":0.9632062911987305},"size":3.7114531993865969,"orthographic":false}